"Entrez.ID","TxDb.hg38.Transcript.ID","Chromosome","Start.BP","End.BP","Symbol","Ensembl.ID"
"1959",130043,"chr10",62811996,62816366,"EGR2","ENSG00000122877"
"2002",250040,"chrX",47635521,47650488,"ELK1","ENSG00000126767"
"221937",92286,"chr7",4682295,4771442,"FOXK1","ENSG00000164916"
"1112",174176,"chr14",89156172,89619130,"FOXN3","ENSG00000053254"
"9935",235235,"chr20",40685848,40689236,"MAFB","ENSG00000204103"
"4781",119491,"chr9",14081843,14180802,"NFIB","ENSG00000147862"
"10611",60454,"chr4",94451857,94588216,"PDLIM5","ENSG00000163110"
"6095",181932,"chr15",60488284,61229302,"RORA","ENSG00000069667"
"6925",215016,"chr18",55222185,55588192,"TCF4","ENSG00000196628"
